insert into User (user_id, password, role, username) values (3, '123', 'ROLE_USER', '111');
insert into Classroom (classroom_id, location, shot_interval) values (3, 'zzt wo', 5);
insert into Course (course_id, classroom_id, user_id, course_name, total, time) values (3, 3, 3, 'zztzzzclass0', 4, 'time1');
insert into Course (course_id, classroom_id, user_id, course_name, total, time) values (4, 3, 3, 'zztzzzclass1', 5, 'time2');
insert into Photo (photo_id, course_id, url, date, total, concentration) values (3, 3, 'E:\SummerProject\resource\db\20180709170411.png', '2018-07-09', 1, 1);
insert into Photo (photo_id, course_id, url, date, total, concentration) values (4, 3, 'E:\SummerProject\resource\db\20180709170411.png', '2018-07-09', 1, 1);

insert into User (user_id, password, role, username) values (8, 'admin', 'ROLE_ADMIN', 'admin');

insert into User (user_id, password, role, username) values (2, '5DRQBGKR PBLP 1AKF9J', 'ROLE_USER', 'VW4PT08AAXGJGRF2D6KE');

insert into User (user_id, password, role, username) values (1, '64NK8GLC ME3TB4SL8M0', 'ROLE_USER', 'N9P10OC7GNR9X2QNUSL8');

insert into User (user_id, password, role, username) values (4, 'A7GQWLV1CW6101TFX597', 'ROLE_USER', 'OLP81EA1X2X6X29S4COQ');

insert into Classroom (classroom_id, location, shot_interval) values (0, 'WCOTU43W6 W4MNYMTE44', 1);

insert into Classroom (classroom_id, location, shot_interval) values (2, 'M396K6D5Y3NT603W8ND7', 2);

insert into Classroom (classroom_id, location, shot_interval) values (1, 'I1PSGT3Q4 U2U 1CFNBE', 0);

insert into Course (course_id, classroom_id, user_id, course_name, total, time) values (2, 0, 1, 'LK0BYVQALWDCQ4SXBJQU', 0, 'GMQXJ9GWT83JIV4F KGRPXPB82NSVQIDAM07YV0ERT74DT5JNX');

insert into Course (course_id, classroom_id, user_id, course_name, total, time) values (1, 2, 2, 'B72VWC6H6P4MA45BKFX0', 2, 'UDAN6G67N48U726BBBIBB KUWC3F98TYWVD7WBK11S4Q7XKVD6');

insert into Course (course_id, classroom_id, user_id, course_name, total, time) values (0, 0, 2, 'X8PXC6X9EQ7CMAUVGRTL', 1, 'NHWACAGK11NAJOR9CPYUR XLBERF57MQQKFMKXU4DAMY9 4GJG');

insert into Photo (photo_id, course_id, url, date, total, concentration) values (2, 2, '3P VFGH628MOF666I905WQ0PPS DNBSJOIPOGSFBGEH1M2RUDIQ41PTSKP606MRBIV0C7VB1RUAE5M5VTVDHK5IBXSO5R7RDCO80', '917-1-9', 2, 0);

insert into Photo (photo_id, course_id, url, date, total, concentration) values (1, 1, 'M2A9IEO4C8CK9D4 AS84EHFA1BBF94C4HEGSE3TW9 C3E8MVV 30VFVFGUY4KEQMBM0EG4GVOM6J7R3ROQBPICXU8C80U FUD04Q', '1-1-1', 1, 1);

insert into Photo (photo_id, course_id, url, date, total, concentration) values (5, 2, ' TRMAI XWHAOXQ3RS55BF3RJ1FWHRM2CKPK2GQU511H0LAPPDXJ0TW63AH7OB43P3D4JCYX0F8HMFGE AWNFXA4W11WYQSG5OOAV', '326-12-3', 2, 2);

