insert into User (id, password, role, username) values (4, 'B53F3MHIQHK4KTP99U5D', 'ROLE_USER', 'VD66EAYQ8VN6I3DKYHI ');

insert into User (id, password, role, username) values (3, '123', 'ROLE_USER', '111');
insert into Classroom (classroom_id, location, shot_interval) values (3, 'zzt wo', 5);
insert into Course (course_id, classroom_id, id, course_name, total, time) values (3, 3, 3, 'zztzzzclass0', 4, 'timeshouldbewhat');
insert into Course (course_id, classroom_id, id, course_name, total, time) values (4, 3, 3, 'zztzzzclass1', 5, 'timesishaya');
insert into Photo (photo_id, classroom_id, url, date, total, concentration) values (3, 3, 'E:\SummerProject\resource\db\20180709170411.png', '2018-07-09', 1, 1);
insert into Photo (photo_id, classroom_id, url, date, total, concentration) values (4, 3, 'E:\SummerProject\resource\db\20180709170411.png', '2018-07-09', 1, 1);

insert into User (id, password, role, username) values (2, 'GMU83J101JV0CJWCQLYU', 'ROLE_USER', 'QMLTY0FC T 0AY0MSP4W');

insert into User (id, password, role, username) values (1, 'WFWQRG80 VS98CS1KK2R', 'ROLE_ADMIN', 'N6X4AT9EOHUURULJ78L2');

insert into Classroom (classroom_id, location, shot_interval) values (2, 'VR9TI7V5 CTPN1JPJTT4', 1);

insert into Classroom (classroom_id, location, shot_interval) values (1, '8N7FNJWX92LOCR4FN9M4', 0);

insert into Classroom (classroom_id, location, shot_interval) values (0, 'NBORQW2VSYKC I69VGKS', 2);

insert into Photo (photo_id, classroom_id, url, date, total, concentration) values (2, 2, '3533QKI61OD6G9B4Y9Y2UHCOFY1BH71AL6N7RDPX09MQ3QJXLVIQGPTSGTY2WE C7QT0BN4R56NPAGE2QJCPW3O81EOU1XB1EP5X', '1592-12-14', 1, 0);

insert into Photo (photo_id, classroom_id, url, date, total, concentration) values (0, 2, 'V4RK8UKQYHYBGWWN5 647RIE0Q33 VRH1 OJ7NW2G2 IOTRFT863QDXU2XF9TCQHHO8AYWKFRONUL96UD2OSAB7C NXGSKS5VC7O', '613-4-13', 0, 1);

insert into Photo (photo_id, classroom_id, url, date, total, concentration) values (1, 1, '239YM9BBGP3CXH0I34TQE72MDJ53PTEIEW88MFGTTP1PB2HLOLSBRH9M7GLC9JOI26982FJ6J00475H4RMLRA2279LE9KNXAJWKB', '1-1-1', 2, 2);

insert into Course (course_id, classroom_id, id, course_name, total, time) values (0, 2, 1, 'DA 39PLDBIC NAWCP EA', 0, 'UKE3W4HYK22OSMCO8PSOCHL068E78QB86GVMINVB4OMQ1 K5 H');

insert into Course (course_id, classroom_id, id, course_name, total, time) values (2, 2, 4, 'W0229L5P SDOYRRVEATS', 1, '7795O7IO3 TLESP0JYPHBXQIIN2395GG 5JSA9QX03CUSL929O');

insert into Course (course_id, classroom_id, id, course_name, total, time) values (1, 2, 4, '2Q8PHDAVRVDEE7KD60H1', 2, 'YFG21TB CUXGGILDWN XYUSV087JKM2W56NVN2PWPYOWMVM8ES');

